"address_full","street","coat","sex","age","weight","fixed","wander_dist","roamer","cat_id"
"15 Fillmer Ave Los Gatos 95030","15 Fillmer Ave","brown","male",6.008,3.348,1,0.115,"yes",1
"244 Harding Ave Los Gatos 95030","244 Harding Ave","tabby","male",9.623,6.603,1,0.129,"yes",2
"16570 Marchmont Dr Los Gatos 95032","16570 Marchmont Dr","maltese","female",1.657,3,0,0,"yes",3
"100 Stonybrook Rd Los Gatos 95032","100 Stonybrook Rd","tabby","female",0.869,3,1,0,"yes",4
"266 Kennedy Rd Los Gatos 95032","266 Kennedy Rd","calico","male",4.771,4.482,1,0.039,"no",5
"249 Cerro Chico Los Gatos 95030","249 Cerro Chico","black","male",0.4,3,1,0,"no",6
"128 Pinta Ct Los Gatos 95030","128 Pinta Ct","black","female",0.934,3,1,0,"no",7
"16890 Fillmer Ave Los Gatos 95030","16890 Fillmer Ave","calico","male",11.941,9.795,0,0.037,"no",8
"119 Harding Ave ","","tabby","male",2.567,3.683,0,0.027,"no",9
"133 Vista Del Campo Los Gatos 95030","133 Vista Del Campo","calico","female",0.078,3,1,0,"yes",10
"231 Harding Ave Los Gatos 95030","231 Harding Ave","black","male",0.4,3,1,0,"no",11
"9 Hollywood Ave Los Gatos 95030","9 Hollywood Ave","brown","female",0.4,0.691,1,0,"no",12
"109 Via Santa Maria Los Gatos 95030","109 Via Santa Maria","tabby","female",0.4,0.836,1,0,"yes",13
"24 Hollywood Ave Los Gatos 95030","24 Hollywood Ave","brown","female",7.73,7.058,1,0.093,"yes",14
"233 Cerro Chico Los Gatos 95030","233 Cerro Chico","brown","female",15.559,14.335,1,0.058,"no",15
"331 Los Gatos Blvd Los Gatos 95032","331 Los Gatos Blvd","tabby","male",0.4,3,1,0,"yes",16
"121 Harding Ave Los Gatos 95030","121 Harding Ave","brown","female",0.4,1.255,1,0.001,"no",17
"110 Stonybrook Rd Los Gatos 95032","110 Stonybrook Rd","black","female",2.298,3.033,1,0.012,"no",18
"213 Harding Ave Los Gatos 95030","213 Harding Ave","brown","male",2.937,2.474,1,0.01,"no",19
"40 Fillmer Ave Los Gatos 95030","40 Fillmer Ave","brown","male",0.4,3,1,0,"no",20
"310 Los Gatos Blvd Los Gatos 95032","310 Los Gatos Blvd","brown","male",6.643,4.075,1,0.041,"no",21
"16630 Kennedy Rd Los Gatos 95032","16630 Kennedy Rd","brown","male",4.331,3.8,0,0.103,"yes",22
"17011 Los Cerritos Los Gatos 95030","17011 Los Cerritos","brown","female",4.965,3.034,0,0.048,"no",23
"107 Vista Del Monte Los Gatos 95030","107 Vista Del Monte","maltese","female",5.624,5.304,1,0.017,"no",24
"304 Harding Ave Los Gatos 95030","304 Harding Ave","brown","male",3.277,4.191,1,0.004,"no",25
"103 Cardinal Ln Los Gatos 95032","103 Cardinal Ln","brown","female",7.135,6.228,1,0.04,"no",26
"20 Hollywood Ave Los Gatos 95030","20 Hollywood Ave","maltese","female",1.089,0.109,1,0,"no",27
"16952 Kennedy Rd Los Gatos 95032","16952 Kennedy Rd","brown","male",11.356,11.937,0,0.062,"no",28
"116 Harding Ave Los Gatos 95030","116 Harding Ave","brown","male",9.527,10.017,1,0.021,"no",29
"106 Worcester Loop Los Gatos 95030","106 Worcester Loop","calico","male",6.437,5.23,1,0.099,"yes",30
"111 Worcester Ln Los Gatos 95030","111 Worcester Ln","brown","female",6.703,6.008,1,0.049,"no",31
"127 Vista Del Monte Los Gatos 95030","127 Vista Del Monte","tabby","female",6.23,5.415,1,0.046,"no",32
"16828 Kennedy Rd Los Gatos 95032","16828 Kennedy Rd","brown","female",0.326,3,0,0,"no",33
"105 Vista Del Campo Los Gatos 95030","105 Vista Del Campo","black","female",0.4,3,1,0,"no",34
"125 Wheeler Ave Los Gatos 95030","125 Wheeler Ave","tabby","male",9.185,8.038,1,0.038,"no",35
"346 Los Gatos Blvd ","","tabby","female",4.686,4.268,0,0.098,"yes",36
"159 Vista Del Monte Los Gatos 95030","159 Vista Del Monte","brown","female",2.273,0.952,1,0,"no",37
"140 Stonybrook Rd Los Gatos 95032","140 Stonybrook Rd","brown","female",8.685,7.683,1,0.04,"no",38
"30 Fillmer Ave Los Gatos 95030","30 Fillmer Ave","tabby","male",9.089,5.754,1,0.128,"yes",39
"121 Harding Ave Los Gatos 95030","121 Harding Ave","black","female",6.325,3.96,1,0.038,"no",40
"127 Wheeler Ave Los Gatos 95030","127 Wheeler Ave","brown","male",5.214,4.862,1,0.096,"yes",41
"108 Pinta Ct Los Gatos 95030","108 Pinta Ct","black","female",0.4,0.374,1,0,"no",42
"62 Fillmer Ave Los Gatos 95030","62 Fillmer Ave","black","female",5.81,3.015,1,0.114,"yes",43
"16940 Kennedy Rd Los Gatos 95032","16940 Kennedy Rd","brown","female",4.058,0.524,0,0,"yes",44
"60 Fillmer Ave Los Gatos 95030","60 Fillmer Ave","brown","male",0.4,3,1,0,"yes",45
"17011 Los Cerritos Los Gatos 95030","17011 Los Cerritos","tabby","male",7.711,8.384,0,0.039,"no",46
"183 Vista Del Monte Los Gatos 95030","183 Vista Del Monte","black","female",5.979,4.605,1,0.053,"no",47
"119 Wheeler Ave Los Gatos 95030","119 Wheeler Ave","brown","male",4.78,3.808,1,0.01,"no",48
"16491 S Kennedy Rd Los Gatos 95030","16491 S Kennedy Rd","tabby","male",1.785,2.211,0,0.035,"no",49
"306 Los Gatos Blvd Los Gatos 95032","306 Los Gatos Blvd","brown","female",11.574,8.08,1,0.142,"yes",50
"300 Harding Ave Los Gatos 95030","300 Harding Ave","brown","female",3.762,3.616,1,0.026,"no",51
"16514 Marchmont Dr Los Gatos 95032","16514 Marchmont Dr","brown","male",12.148,11.473,0,0.036,"no",52
"21 Fillmer Ave Los Gatos 95030","21 Fillmer Ave","brown","female",0.4,3,1,0,"no",53
"322 Kennedy Rd Los Gatos 95032","322 Kennedy Rd","brown","male",0.4,3,1,0,"no",54
"106 Robin Way Los Gatos 95032","106 Robin Way","brown","female",8.141,4.82,1,0.07,"no",55
"16772 Littlefield Ln Los Gatos 95032","16772 Littlefield Ln","tabby","female",1.74,3.558,0,0.016,"no",56
"103 Cardinal Ln Los Gatos 95032","103 Cardinal Ln","tabby","female",0.4,0.305,0,0,"yes",57
"244 Cerro Chico Los Gatos 95030","244 Cerro Chico","tabby","male",1.675,1.853,1,0.032,"no",58
"128 Nina Ct Los Gatos 95030","128 Nina Ct","brown","female",3.415,2.156,1,0.036,"no",59
"139 Harding Ave Los Gatos 95030","139 Harding Ave","brown","female",5.955,6.604,1,0.012,"no",60
"109 Bond Ct Los Gatos 95030","109 Bond Ct","black","female",0.4,3,1,0,"no",61
"237 Harding Ave Los Gatos 95030","237 Harding Ave","brown","female",2.477,1.693,1,0.061,"no",62
"159 Cardinal Ln Los Gatos 95032","159 Cardinal Ln","brown","female",3.595,1.07,1,0.126,"yes",63
"16542 Marchmont Dr Los Gatos 95032","16542 Marchmont Dr","calico","female",4.39,5.195,0,0.04,"no",64
"16998 Kennedy Rd Los Gatos 95032","16998 Kennedy Rd","calico","female",1.802,3,0,0,"no",65
"237 Cerro Chico Los Gatos 95030","237 Cerro Chico","maltese","female",11.337,9.669,1,0.03,"no",66
"123 Pinta Ct Los Gatos 95030","123 Pinta Ct","maltese","male",4.783,1.149,1,0.112,"yes",67
"328 Harding Ave Los Gatos 95030","328 Harding Ave","tabby","female",2.85,1.22,1,0.046,"no",68
"100 Hollywood Ave Los Gatos 95030","100 Hollywood Ave","brown","male",8.703,8.209,1,0.022,"no",69
"112 Pinta Ct Los Gatos 95030","112 Pinta Ct","brown","female",0.4,3,1,0,"no",70
"147 Wheeler Ave Los Gatos 95030","147 Wheeler Ave","brown","male",1.99,2.258,1,0.032,"no",71
"135 Cardinal Ln Los Gatos 95032","135 Cardinal Ln","maltese","male",0.4,3,1,0,"no",72
"16706 Littlefield Ln Los Gatos 95032","16706 Littlefield Ln","tabby","male",7.739,7.753,0,0.03,"no",73
"16646 Kennedy Rd Los Gatos 95032","16646 Kennedy Rd","black","female",8.71,8.78,0,0.039,"no",74
"136 Vista Del Monte Los Gatos 95030","136 Vista Del Monte","black","male",9.975,9.956,1,0.055,"no",75
"135 Vista Del Monte Los Gatos 95030","135 Vista Del Monte","calico","female",2.754,1.612,1,0.043,"no",76
"120 Nina Ct Los Gatos 95030","120 Nina Ct","black","male",0.4,3,1,0,"no",77
"140 Vista Del Monte Los Gatos 95030","140 Vista Del Monte","black","female",10.535,7.896,1,0.036,"no",78
"139 Vista Del Monte Los Gatos 95030","139 Vista Del Monte","tabby","female",0.552,3,1,0,"yes",79
"143 Vista Del Monte Los Gatos 95030","143 Vista Del Monte","calico","male",9.108,8.416,1,0.03,"no",80
"148 Vista Del Monte Los Gatos 95030","148 Vista Del Monte","black","female",4.949,4.257,1,0.053,"no",81
"324 Los Gatos Blvd Los Gatos 95032","324 Los Gatos Blvd","maltese","female",5.346,4.495,1,0.025,"no",82
"112 Robin Way Los Gatos 95032","112 Robin Way","brown","male",0.4,3,1,0,"no",83
"16660 Littlefield Ln Los Gatos 95032","16660 Littlefield Ln","tabby","male",11.797,12.884,0,0.001,"no",84
"16755 Kennedy Rd Los Gatos 95032","16755 Kennedy Rd","brown","female",0.4,3,0,0,"no",85
"306 Kennedy Rd Los Gatos 95032","306 Kennedy Rd","calico","female",4.703,4.318,1,0.029,"no",86
"115 Harding Ave Los Gatos 95030","115 Harding Ave","tabby","male",6.4,5.634,1,0.001,"no",87
"175 Vista Del Monte Los Gatos 95030","175 Vista Del Monte","brown","female",8.844,7.278,1,0.047,"no",88
"320 Harding Ave Los Gatos 95030","320 Harding Ave","maltese","male",0.4,3,1,0,"no",89
"134 Harding Ave Los Gatos 95030","134 Harding Ave","brown","female",0.4,3,1,0,"yes",90
"233 Harding Ave Los Gatos 95030","233 Harding Ave","brown","female",12.715,11.631,1,0.027,"no",91
"190 Vista Del Monte Los Gatos 95030","190 Vista Del Monte","black","female",4.676,4.952,1,0.037,"no",92
"229 Harding Ave Los Gatos 95030","229 Harding Ave","black","female",3.637,4.46,1,0.045,"no",93
"128 Pinta Ct Los Gatos 95030","128 Pinta Ct","calico","male",5.592,5.427,1,0.023,"no",94
"120 Pinta Ct Los Gatos 95030","120 Pinta Ct","brown","male",5.148,5.186,1,0.05,"no",95
"341 Los Gatos Blvd Los Gatos 95032","341 Los Gatos Blvd","calico","male",8.046,8.661,1,0.041,"no",96
"39 Fillmer Ave Los Gatos 95030","39 Fillmer Ave","tabby","male",0.4,3,1,0,"no",97
"16854 Kennedy Rd Los Gatos 95032","16854 Kennedy Rd","calico","male",8.911,7.443,0,0.077,"no",98
"116 Harding Ave Los Gatos 95030","116 Harding Ave","tabby","female",0.4,1.965,1,0.001,"no",99
"16570 Kennedy Rd Los Gatos 95032","16570 Kennedy Rd","brown","male",4.452,4.675,0,0.041,"no",100
"15 Hollywood Ave Los Gatos 95030","15 Hollywood Ave","calico","female",5.279,1.626,1,0.069,"yes",101
"110 Stonybrook Rd Los Gatos 95032","110 Stonybrook Rd","maltese","male",2.582,2.956,1,0.012,"no",102
"111 Worcester Ln Los Gatos 95030","111 Worcester Ln","brown","female",6.418,6.864,1,0.034,"no",103
"115 Isabelle Ct Los Gatos 95030","115 Isabelle Ct","brown","female",5.982,7.609,1,0.025,"no",104
"117 Isabelle Ct Los Gatos 95030","117 Isabelle Ct","calico","male",10.59,9.727,1,0.02,"no",105
"16880 Fillmer Ave Los Gatos 95030","16880 Fillmer Ave","brown","female",5.719,3.575,0,0.058,"no",106
"135 Charles St Los Gatos 95032","135 Charles St","calico","male",3.322,3.071,1,0.085,"yes",107
"17055 Los Robles Way Los Gatos 95030","17055 Los Robles Way","tabby","female",0.4,1.051,0,0.01,"no",108
"6 Gem Ave Los Gatos 95030","6 Gem Ave","brown","female",6.891,5.501,1,0.124,"yes",109
"1 Gem Ave Los Gatos 95030","1 Gem Ave","tabby","male",3.731,5.364,1,0.008,"no",110
"312 Harding Ave Los Gatos 95030","312 Harding Ave","calico","female",6.64,5.389,1,0.054,"no",111
"16520 S Kennedy Rd Los Gatos 95030","16520 S Kennedy Rd","brown","male",0.4,3,0,0,"no",112
"310 Los Gatos Blvd Los Gatos 95032","310 Los Gatos Blvd","brown","female",2.402,3.46,1,0.052,"no",113
"100 Pinta Ct Los Gatos 95030","100 Pinta Ct","brown","female",0.4,3,1,0,"yes",114
"365 Los Gatos Blvd Los Gatos 95032","365 Los Gatos Blvd","black","male",9.364,6.559,1,0.076,"yes",115
"43 Fillmer Ave Los Gatos 95030","43 Fillmer Ave","maltese","female",0.4,3,1,0,"no",116
"110 Vista Del Campo Los Gatos 95030","110 Vista Del Campo","tabby","female",3.688,3.199,1,0.041,"no",117
"16625 Englewood Ave Los Gatos 95032","16625 Englewood Ave","black","female",0.442,0.706,0,0,"no",118
"8 Hollywood Ave Los Gatos 95030","8 Hollywood Ave","brown","male",10.956,9.921,1,0.064,"no",119
"308 Harding Ave Los Gatos 95030","308 Harding Ave","tabby","male",6.407,3.828,1,0.113,"yes",120
"134 Vista Del Campo Los Gatos 95030","134 Vista Del Campo","brown","male",6.349,5.498,1,0.035,"no",121
"16700 Kennedy Rd Los Gatos 95032","16700 Kennedy Rd","tabby","female",0.4,3,0,0,"no",122
"115 Vista Del Campo Los Gatos 95030","115 Vista Del Campo","brown","male",0.4,0.134,1,0,"no",123
"17150 Los Robles Way Los Gatos 95030","17150 Los Robles Way","black","female",7.647,3.622,0,0.05,"no",124
"107 Worcester Ln Los Gatos 95030","107 Worcester Ln","calico","female",0.4,3,1,0,"no",125
"16892 Kennedy Rd Los Gatos 95032","16892 Kennedy Rd","calico","female",8.019,4.861,0,0.053,"no",126
"250 Cerro Chico Los Gatos 95030","250 Cerro Chico","brown","female",12.056,9.987,1,0.069,"no",127
"130 Stonybrook Rd Los Gatos 95032","130 Stonybrook Rd","brown","male",5.686,4.692,1,0.017,"no",128
"129 Wheeler Ave Los Gatos 95030","129 Wheeler Ave","maltese","male",4.38,2.329,1,0.027,"no",129
"16982 Kennedy Rd Los Gatos 95032","16982 Kennedy Rd","black","female",0.4,3,0,0,"no",130
"104 Vista Del Monte Los Gatos 95030","104 Vista Del Monte","brown","female",2.489,1.52,1,0.004,"no",131
"16870 Fillmer Ave Los Gatos 95030","16870 Fillmer Ave","maltese","male",0.4,3,0,0,"yes",132
"128 Harding Ave Los Gatos 95030","128 Harding Ave","brown","male",4.768,2.787,1,0.044,"no",133
"233 Cerro Chico Los Gatos 95030","233 Cerro Chico","tabby","female",1.273,1.639,1,0.063,"no",134
"104 Via Santa Maria Los Gatos 95030","104 Via Santa Maria","calico","female",1.438,1.373,1,0.041,"no",135
"201 Cerro Chico Los Gatos 95030","201 Cerro Chico","tabby","male",7.302,7.182,1,0.011,"no",136
"116 Nina Ct Los Gatos 95030","116 Nina Ct","maltese","male",10.083,8.306,1,0.05,"no",137
"208 Cerro Chico Los Gatos 95030","208 Cerro Chico","tabby","male",8.89,10.136,1,0.014,"no",138
"122 Yosemite Way Los Gatos 95030","122 Yosemite Way","tabby","female",2.4,1.218,1,0.071,"no",139
"16510 Kennedy Rd Los Gatos 95032","16510 Kennedy Rd","brown","female",4.25,2.463,0,0.096,"yes",140
"17075 Los Robles Way Los Gatos 95030","17075 Los Robles Way","tabby","male",1.569,2.2,0,0.052,"no",141
"136 Via Santa Maria Los Gatos 95030","136 Via Santa Maria","tabby","female",4.494,2.85,1,0.06,"no",142
"90 Hollywood Ave Los Gatos 95030","90 Hollywood Ave","maltese","female",6.512,4.187,0,0.136,"yes",143
"245 Cerro Chico Los Gatos 95030","245 Cerro Chico","black","female",0.4,3,1,0,"no",144
"150 Whitney Ave Los Gatos 95030","150 Whitney Ave","black","male",2.627,1.566,1,0.055,"no",145
"17110 Los Robles Way Los Gatos 95030","17110 Los Robles Way","calico","female",0.887,3,0,0,"yes",146
"208 Harding Ave Los Gatos 95030","208 Harding Ave","tabby","male",6.595,5.842,1,0.001,"no",147
"16450 Kennedy Rd Los Gatos 95032","16450 Kennedy Rd","tabby","female",5.906,3.805,0,0.074,"no",148
"108 Via Santa Maria Los Gatos 95030","108 Via Santa Maria","brown","female",0.4,3,0,0,"yes",149
"30 Hollywood Ave Los Gatos 95030","30 Hollywood Ave","brown","female",1.532,3,1,0,"no",150
"12 Fillmer Ave Los Gatos 95030","12 Fillmer Ave","black","female",6.382,5.648,1,0.034,"no",151
"Harding Ave Los Gatos 95030","Harding Ave","brown","female",2.62,0.708,0,0,"yes",152
"234 Harding Ave Los Gatos 95030","234 Harding Ave","tabby","female",6.705,5.077,1,0.092,"yes",153
"126 Vista Del Campo Los Gatos 95030","126 Vista Del Campo","black","female",0.4,3,1,0,"no",154
"107 Vista Del Monte Los Gatos 95030","107 Vista Del Monte","black","male",3.921,2.239,1,0.001,"no",155
"16500 Marchmont Dr Los Gatos 95032","16500 Marchmont Dr","maltese","male",15.578,14.143,0,0.064,"no",156
"144 Vista Del Monte Los Gatos 95030","144 Vista Del Monte","tabby","male",7.055,8.984,1,0.01,"no",157
"236 Harding Ave Los Gatos 95030","236 Harding Ave","tabby","male",6.001,3.763,1,0.079,"yes",158
"124 Nina Ct Los Gatos 95030","124 Nina Ct","tabby","female",0.27,3,1,0,"no",159
"241 Cerro Chico Los Gatos 95030","241 Cerro Chico","tabby","male",11.3,10.491,1,0.031,"no",160
"17077 Los Robles Way Los Gatos 95030","17077 Los Robles Way","black","male",0.4,0.141,0,0,"no",161
"16725 Kennedy Rd Los Gatos 95032","16725 Kennedy Rd","tabby","male",13.291,12.488,0,0.039,"no",162
"109 Via Santa Maria Los Gatos 95030","109 Via Santa Maria","black","female",4.412,1.483,1,0.068,"yes",163
"204 Cerro Chico Los Gatos 95030","204 Cerro Chico","calico","female",4.169,3.916,1,0.047,"no",164
"248 Harding Ave Los Gatos 95030","248 Harding Ave","brown","female",0.4,3,1,0,"no",165
"114 Yosemite Way Los Gatos 95030","114 Yosemite Way","tabby","male",0.4,1.028,1,0.001,"no",166
"16880 Kennedy Rd Los Gatos 95032","16880 Kennedy Rd","brown","female",3.3,3,0,0,"no",167
"16904 Kennedy Rd Los Gatos 95032","16904 Kennedy Rd","black","male",3.493,3.904,0,0.028,"no",168
"349 Los Gatos Blvd Los Gatos 95032","349 Los Gatos Blvd","black","male",5.051,1.774,1,0.117,"yes",169
"16556 Marchmont Dr Los Gatos 95032","16556 Marchmont Dr","brown","male",7.895,7.468,0,0.031,"no",170
"316 Harding Ave Los Gatos 95030","316 Harding Ave","brown","male",6.079,4.239,1,0.04,"no",171
"128 Yosemite Way Los Gatos 95030","128 Yosemite Way","maltese","female",0.4,1.682,1,0.001,"no",172
"340 Los Gatos Blvd Los Gatos 95032","340 Los Gatos Blvd","brown","male",3.819,2.1,1,0.111,"yes",173
"141 Wheeler Ave Los Gatos 95030","141 Wheeler Ave","tabby","female",0.4,0.707,1,0,"no",174
"160 Robin Way Los Gatos 95032","160 Robin Way","black","female",2.203,1.531,1,0.008,"no",175
"16837 Kennedy Rd Los Gatos 95032","16837 Kennedy Rd","brown","female",5.192,4.198,0,0.034,"no",176
"124 Pinta Ct Los Gatos 95030","124 Pinta Ct","tabby","female",6.823,6.734,1,0.02,"no",177
"143 Cardinal Ln Los Gatos 95032","143 Cardinal Ln","black","male",6.784,6.604,1,0.04,"no",178
"129 Cardinal Ln Los Gatos 95032","129 Cardinal Ln","black","female",9.106,7.351,1,0.005,"no",179
"16722 Littlefield Ln Los Gatos 95032","16722 Littlefield Ln","black","male",5.374,5.088,0,0.035,"no",180
"112 Vista Del Monte Los Gatos 95030","112 Vista Del Monte","brown","male",7.503,5.464,0,0.114,"yes",181
"140 Robin Way Los Gatos 95032","140 Robin Way","black","female",10.545,8.84,1,0.03,"no",182
"120 Vista Del Campo Los Gatos 95030","120 Vista Del Campo","tabby","male",7.483,7.019,1,0.013,"no",183
"100 Via Santa Maria Los Gatos 95030","100 Via Santa Maria","calico","male",13.624,12.848,1,0.042,"no",184
"24 Hollywood Ave Los Gatos 95030","24 Hollywood Ave","brown","female",0.4,0.634,1,0,"no",185
"100 Bond Ct Los Gatos 95030","100 Bond Ct","tabby","male",0.4,3,1,0,"yes",186
"139 Pinta Ct Los Gatos 95030","139 Pinta Ct","calico","female",6.86,7.417,1,0.06,"no",187
"17121 Los Robles Way Los Gatos 95030","17121 Los Robles Way","tabby","female",2.274,3,0,0,"yes",188
"104 Pinta Ct Los Gatos 95030","104 Pinta Ct","brown","male",0.836,3,1,0,"yes",189
"Hollywood Ave Los Gatos 95030","Hollywood Ave","calico","male",2.665,1.449,0,0.083,"yes",190
"16566 Kennedy Rd Los Gatos 95032","16566 Kennedy Rd","black","male",4.517,2.346,0,0.044,"no",191
"120 Stonybrook Rd Los Gatos 95032","120 Stonybrook Rd","black","female",4.858,2.349,0,0.1,"yes",192
"133 Harding Ave Los Gatos 95030","133 Harding Ave","tabby","female",0.4,1.069,1,0.001,"no",193
"126 Robin Way Los Gatos 95032","126 Robin Way","black","female",2.714,2.09,1,0.023,"no",194
"132 Nina Ct Los Gatos 95030","132 Nina Ct","tabby","male",2.936,1.727,1,0.04,"no",195
"115 Via Santa Maria Los Gatos 95030","115 Via Santa Maria","brown","male",9.811,6.016,1,0.097,"yes",196
"16621 Kennedy Rd Los Gatos 95032","16621 Kennedy Rd","brown","female",6.355,5.281,0,0.038,"no",197
"105 Vista Del Campo Los Gatos 95030","105 Vista Del Campo","brown","female",6.116,5.038,1,0.031,"no",198
"42 Fillmer Ave Los Gatos 95030","42 Fillmer Ave","maltese","female",2.709,2.747,1,0.036,"no",199
"16928 Kennedy Rd Los Gatos 95032","16928 Kennedy Rd","calico","female",5.266,3.842,0,0.036,"no",200
"251 Littlefield Ln Los Gatos 95032","251 Littlefield Ln","black","female",3.238,3.687,1,0.056,"no",201
"324 Harding Ave Los Gatos 95030","324 Harding Ave","black","male",3.889,2.013,1,0.06,"no",202
"85 Hollywood Ave Los Gatos 95030","85 Hollywood Ave","maltese","male",3.296,2.099,1,0.047,"no",203
"110 Cardinal Ln Los Gatos 95032","110 Cardinal Ln","black","female",3.049,1.197,1,0.067,"no",204
"120 Cardinal Ln Los Gatos 95032","120 Cardinal Ln","brown","male",0.4,3,1,0,"no",205
"16699 Kennedy Rd Los Gatos 95032","16699 Kennedy Rd","maltese","female",8.151,7.478,0,0.103,"yes",206
"*no Site Address* Los Gatos 95030","*no Site Address*","brown","male",0.4,0.47,0,0,"no",207
"225 Cerro Chico Los Gatos 95030","225 Cerro Chico","brown","female",5.232,5.436,1,0.003,"no",208
"16570 Marchmont Dr Los Gatos 95032","16570 Marchmont Dr","black","female",6.2,6.445,0,0.022,"no",209
"300 Kennedy Rd Los Gatos 95032","300 Kennedy Rd","brown","male",1.149,3,1,0,"yes",210
"318 Los Gatos Blvd Los Gatos 95032","318 Los Gatos Blvd","calico","male",2.952,1.572,1,0.009,"no",211
"16630 Kennedy Rd Los Gatos 95032","16630 Kennedy Rd","brown","male",1.62,3,0,0,"no",212
"119 Vista Del Campo Los Gatos 95030","119 Vista Del Campo","maltese","female",5.461,4.464,1,0.023,"no",213
"110 Harding Ave Los Gatos 95030","110 Harding Ave","calico","female",0.4,0.003,1,0,"no",214
"207 Harding Ave Los Gatos 95030","207 Harding Ave","calico","male",11.347,9.39,1,0.037,"no",215
"129 Vista Del Campo Los Gatos 95030","129 Vista Del Campo","tabby","male",6.845,5.593,1,0.022,"no",216
"17041 Los Robles Way Los Gatos 95030","17041 Los Robles Way","maltese","female",1.133,0.986,0,0,"no",217
"100 Worcester Loop Los Gatos 95030","100 Worcester Loop","brown","female",6.545,4.546,1,0.034,"no",218
"201 Hollywood Ave Los Gatos 95030","201 Hollywood Ave","brown","female",3.152,0.732,1,0,"no",219
"102 Worcester Ln Los Gatos 95030","102 Worcester Ln","calico","male",8.3,6.016,1,0.037,"no",220
"106 Worcester Loop Los Gatos 95030","106 Worcester Loop","black","female",1.858,0.183,1,0,"no",221
"110 Worcester Loop Los Gatos 95030","110 Worcester Loop","calico","female",5.824,5.431,1,0.047,"no",222
"107 Bella Vista Ct Los Gatos 95032","107 Bella Vista Ct","black","female",2.553,1.048,1,0.04,"no",223
"105 Via Santa Maria Los Gatos 95030","105 Via Santa Maria","tabby","male",0.051,3,1,0,"no",224
"124 Yosemite Way Los Gatos 95030","124 Yosemite Way","tabby","female",0.044,3,1,0,"no",225
"136 Harding Ave Los Gatos 95030","136 Harding Ave","black","female",0.4,0.341,1,0,"no",226
"202 Hollywood Ave Los Gatos 95030","202 Hollywood Ave","maltese","male",2.923,2.124,1,0.035,"no",227
"16650 Kennedy Rd Los Gatos 95032","16650 Kennedy Rd","brown","female",6.273,5.322,0,0.037,"no",228
"209 Cerro Chico Los Gatos 95030","209 Cerro Chico","tabby","male",9.429,8.993,1,0.02,"no",229
"304 Charles St Los Gatos 95032","304 Charles St","brown","female",4.985,4.904,1,0.034,"no",230
"133 Vista Del Campo Los Gatos 95030","133 Vista Del Campo","tabby","female",3.004,2.443,1,0.049,"no",231
"130 Robin Way Los Gatos 95032","130 Robin Way","calico","female",4.007,3,0,0,"yes",232
"219 Harding Ave Los Gatos 95030","219 Harding Ave","tabby","female",6.037,5.748,1,0.025,"no",233
"130 Vista Del Campo Los Gatos 95030","130 Vista Del Campo","tabby","female",0.837,3,1,0,"no",234
"24 Fillmer Ave Los Gatos 95030","24 Fillmer Ave","calico","female",15.668,14.604,1,0.003,"no",235
"16661 Kennedy Rd Los Gatos 95032","16661 Kennedy Rd","brown","male",0.743,3,0,0,"no",236
"260 Kennedy Rd Los Gatos 95032","260 Kennedy Rd","brown","female",11.904,11.789,1,0.004,"no",237
"160 Wheeler Ave Los Gatos 95030","160 Wheeler Ave","tabby","female",0.4,0.589,1,0,"no",238
"115 Vista Del Monte Los Gatos 95030","115 Vista Del Monte","brown","female",7.901,7.761,1,0.039,"no",239
"314 Los Gatos Blvd Los Gatos 95032","314 Los Gatos Blvd","black","male",1.486,1.392,1,0.001,"no",240
"142 Via Santa Maria Los Gatos 95030","142 Via Santa Maria","calico","female",3.645,2.667,1,0.034,"no",241
"301 Littlefield Ln Los Gatos 95032","301 Littlefield Ln","maltese","female",1.595,0.293,0,0,"yes",242
"16620 Kennedy Rd Los Gatos 95032","16620 Kennedy Rd","brown","male",7.202,7.304,0,0.016,"no",243
"112 Yosemite Way Los Gatos 95030","112 Yosemite Way","brown","female",2.311,3,1,0,"yes",244
"4 Gem Ave Los Gatos 95030","4 Gem Ave","tabby","female",0.973,0.106,1,0,"no",245
"314 Kennedy Rd Los Gatos 95032","314 Kennedy Rd","tabby","female",0.4,3,1,0,"no",246
"217 Cerro Chico Los Gatos 95030","217 Cerro Chico","brown","male",0.4,0.529,1,0,"no",247
"1 Charles St Los Gatos 95032","1 Charles St","tabby","female",1.177,3,1,0,"no",248
"112 Nina Ct Los Gatos 95030","112 Nina Ct","tabby","female",0.192,3,1,0,"no",249
"242 Harding Ave Los Gatos 95030","242 Harding Ave","maltese","female",13.599,14.809,1,0.033,"no",250
"109 Worcester Ln Los Gatos 95030","109 Worcester Ln","calico","female",1.568,3,1,0,"no",251
"163 Vista Del Monte Los Gatos 95030","163 Vista Del Monte","brown","male",5.451,5.478,1,0.051,"no",252
"105 Worcester Ln Los Gatos 95030","105 Worcester Ln","brown","male",5.838,1.905,1,0.13,"yes",253
"171 Vista Del Monte Los Gatos 95030","171 Vista Del Monte","brown","male",6.286,6.9,1,0.06,"no",254
"132 Whitney Ave Los Gatos 95030","132 Whitney Ave","black","female",7.399,7.143,1,0.01,"no",255
"111 Vista Del Monte Los Gatos 95030","111 Vista Del Monte","brown","female",0.4,3,0,0,"yes",256
"16640 Kennedy Rd Los Gatos 95032","16640 Kennedy Rd","tabby","male",6.364,4.109,0,0.056,"no",257
"Causey Ln Los Gatos 95032","Causey Ln","calico","male",0.4,3,0,0,"yes",258
"16644 Kennedy Rd Los Gatos 95032","16644 Kennedy Rd","brown","female",12.424,10.474,0,0.044,"no",259
"127 Vista Del Monte Los Gatos 95030","127 Vista Del Monte","tabby","female",8.103,8.646,1,0.038,"no",260
"120 Vista Del Monte Los Gatos 95030","120 Vista Del Monte","brown","female",2.829,0.273,1,0,"yes",261
"114 Nina Ct Los Gatos 95030","114 Nina Ct","brown","female",1.699,3,1,0,"yes",262
"128 Vista Del Monte Los Gatos 95030","128 Vista Del Monte","brown","female",0.4,3,1,0,"no",263
"131 Vista Del Monte Los Gatos 95030","131 Vista Del Monte","brown","male",4.896,5.012,1,0.047,"no",264
"108 Vista Del Monte Los Gatos 95030","108 Vista Del Monte","brown","male",5.296,5.411,1,0.041,"no",265
"20 Hollywood Ave Los Gatos 95030","20 Hollywood Ave","tabby","female",3.149,3.137,1,0.051,"no",266
"45 Hollywood Ave Los Gatos 95030","45 Hollywood Ave","calico","female",3.524,1.744,1,0.069,"no",267
"147 Vista Del Monte Los Gatos 95030","147 Vista Del Monte","calico","female",2.069,0.71,1,0,"no",268
"152 Vista Del Monte Los Gatos 95030","152 Vista Del Monte","maltese","male",1.474,1.575,1,0.063,"yes",269
"151 Vista Del Monte Los Gatos 95030","151 Vista Del Monte","brown","female",0.4,3,1,0,"yes",270
"156 Vista Del Monte Los Gatos 95030","156 Vista Del Monte","brown","male",4.244,3.532,1,0.044,"no",271
"155 Vista Del Monte Los Gatos 95030","155 Vista Del Monte","brown","female",6.925,6.291,1,0.026,"no",272
"15 Fillmer Ave Los Gatos 95030","15 Fillmer Ave","maltese","female",0.4,3,1,0,"no",273
"123 Cardinal Ln Los Gatos 95032","123 Cardinal Ln","calico","male",7.585,6.918,1,0.047,"no",274
"136 Robin Way Los Gatos 95032","136 Robin Way","tabby","female",3.672,2.975,1,0.102,"yes",275
"212 Harding Ave Los Gatos 95030","212 Harding Ave","maltese","male",6.234,6.825,1,0.038,"no",276
"300 Charles St Los Gatos 95032","300 Charles St","calico","male",3.547,2.99,1,0.001,"no",277
"304 Harding Ave Los Gatos 95030","304 Harding Ave","black","female",4.419,2.979,0,0.099,"yes",278
"249 Cerro Chico Los Gatos 95030","249 Cerro Chico","brown","male",2.308,2.147,1,0.044,"no",279
"327 Los Gatos Blvd Los Gatos 95032","327 Los Gatos Blvd","brown","female",0.4,3,1,0,"no",280
"105 Fillmer Ave Los Gatos 95030","105 Fillmer Ave","tabby","female",3.639,2.618,1,0.052,"no",281
"2 Gem Ave Los Gatos 95030","2 Gem Ave","black","male",4.418,2.972,1,0.09,"yes",282
"127 Harding Ave Los Gatos 95030","127 Harding Ave","brown","female",7.413,6.841,1,0.045,"no",283
"16890 Fillmer Ave Los Gatos 95030","16890 Fillmer Ave","tabby","female",3.283,0.093,0,0,"yes",284
"119 Vista Del Monte Los Gatos 95030","119 Vista Del Monte","brown","male",7.371,6.686,1,0.056,"no",285
"103 Worcester Ln Los Gatos 95030","103 Worcester Ln","black","male",4.639,4.143,1,0.085,"yes",286
"17000 Hollywood Ave Los Gatos 95030","17000 Hollywood Ave","black","female",0.4,3,0,0,"yes",287
"116 Pinta Ct Los Gatos 95030","116 Pinta Ct","black","female",17.214,14.352,1,0.06,"no",288
"136 Wheeler Ave Los Gatos 95030","136 Wheeler Ave","tabby","female",13.07,11.833,1,0.016,"no",289
"246 Harding Ave ","","calico","female",4.25,3.76,0,0.037,"no",290
"302 Los Gatos Blvd Los Gatos 95032","302 Los Gatos Blvd","black","female",8.341,5.57,1,0.108,"yes",291
"229 Cerro Chico Los Gatos 95030","229 Cerro Chico","brown","female",0.211,3,1,0,"yes",292
"214 Harding Ave Los Gatos 95030","214 Harding Ave","brown","female",0.4,3,1,0,"no",293
"209 Harding Ave Los Gatos 95030","209 Harding Ave","brown","male",5.179,3.474,1,0.075,"no",294
"123 Vista Del Monte Los Gatos 95030","123 Vista Del Monte","calico","female",5.5,5.244,1,0.03,"no",295
"118 Robin Way Los Gatos 95032","118 Robin Way","tabby","male",6.808,5.52,1,0.032,"no",296
"146 Robin Way Los Gatos 95032","146 Robin Way","brown","female",1.538,1.062,1,0.062,"no",297
"213 Harding Ave Los Gatos 95030","213 Harding Ave","tabby","female",5.363,4.34,1,0.027,"no",298
"100 Vista Del Monte Los Gatos 95030","100 Vista Del Monte","brown","female",0.4,3,1,0,"no",299
"100 Stonybrook Rd Los Gatos 95032","100 Stonybrook Rd","brown","female",4.701,2.676,1,0.065,"no",300
"316 Los Gatos Blvd ","","tabby","male",3.384,4.149,0,0.063,"no",301
"7 Fillmer Ave Los Gatos 95030","7 Fillmer Ave","brown","male",10.888,9.712,1,0.001,"yes",302
"172 Vista Del Monte Los Gatos 95030","172 Vista Del Monte","tabby","male",4.2,2.944,1,0.033,"no",303
"112 Worcester Ln Los Gatos 95030","112 Worcester Ln","tabby","female",9.056,8.541,1,0.023,"no",304
"101 Pinta Ct Los Gatos 95030","101 Pinta Ct","tabby","male",2.738,2.068,1,0.093,"yes",305
"16515 S Kennedy Rd Los Gatos 95030","16515 S Kennedy Rd","tabby","female",12.086,10.751,0,0.046,"no",306
"105 Bond Ct Los Gatos 95030","105 Bond Ct","calico","male",2.55,1.159,1,0.048,"no",307
"124 Harding Ave Los Gatos 95030","124 Harding Ave","black","male",4.121,1.103,1,0.053,"no",308
"112 Bond Ct Los Gatos 95030","112 Bond Ct","maltese","male",2.228,1.113,1,0.045,"no",309
"221 Cerro Chico Los Gatos 95030","221 Cerro Chico","maltese","female",4.047,1.301,1,0.075,"no",310
"303 Harding Ave Los Gatos 95030","303 Harding Ave","brown","male",0.6,3,1,0,"no",311
"17100 Los Robles Way Los Gatos 95030","17100 Los Robles Way","brown","male",10.444,9.952,0,0.037,"no",312
"130 Harding Ave Los Gatos 95030","130 Harding Ave","black","female",10.753,8.661,1,0.031,"no",313
"231 Harding Ave Los Gatos 95030","231 Harding Ave","tabby","female",2.04,0.926,1,0,"no",314
"125 Vista Del Campo Los Gatos 95030","125 Vista Del Campo","black","female",6.787,5.143,1,0.03,"no",315
"220 Cerro Chico Los Gatos 95030","220 Cerro Chico","tabby","male",4.083,3.545,1,0.024,"no",316
"218 Harding Ave Los Gatos 95030","218 Harding Ave","tabby","male",6.859,7.362,1,0.026,"no",317
"140 Via Santa Maria Los Gatos 95030","140 Via Santa Maria","black","male",12.845,12.265,1,0.042,"no",318
"*no Site Address* Los Gatos 00000","*no Site Address*","tabby","male",0.859,1.26,0,0.01,"no",319
"220 Hollywood Ave Los Gatos 95030","220 Hollywood Ave","black","male",5.265,4.663,1,0.04,"no",320
"Los Robles Way Los Gatos 95030","Los Robles Way","tabby","female",0.4,0.115,0,0,"no",321
"104 Bella Vista Ct Los Gatos 95032","104 Bella Vista Ct","calico","female",7.743,7.089,1,0.088,"no",322
"16701 Kennedy Rd Los Gatos 95032","16701 Kennedy Rd","tabby","female",0.4,3,0,0,"no",323
"203 Hollywood Ave Los Gatos 95030","203 Hollywood Ave","brown","male",3.073,1.892,1,0.072,"no",324
"323 Harding Ave Los Gatos 95030","323 Harding Ave","black","female",2.056,3,1,0,"no",325
"16845 Kennedy Rd Los Gatos 95032","16845 Kennedy Rd","black","female",0.4,3,0,0,"yes",326
"16756 Littlefield Ln Los Gatos 95032","16756 Littlefield Ln","brown","female",7.639,6.9,0,0.037,"no",327
"16964 Kennedy Rd Los Gatos 95032","16964 Kennedy Rd","black","male",7.769,6.482,0,0.091,"no",328
"17200 Los Robles Way Los Gatos 95030","17200 Los Robles Way","maltese","female",0.4,3,0,0,"yes",329
"105 Stonybrook Rd Los Gatos 95032","105 Stonybrook Rd","black","male",7.294,7.292,1,0.034,"no",330
"334 Los Gatos Blvd Los Gatos 95032","334 Los Gatos Blvd","brown","female",0.4,3,1,0,"no",331
"16865 Kennedy Rd Los Gatos 95032","16865 Kennedy Rd","brown","male",0.4,3,0,0,"yes",332
"16911 Kennedy Rd Los Gatos 95032","16911 Kennedy Rd","tabby","male",7.4,7.609,0,0.039,"no",333
"135 Pinta Ct Los Gatos 95030","135 Pinta Ct","tabby","female",7.63,6.076,1,0.065,"no",334
"131 Pinta Ct Los Gatos 95030","131 Pinta Ct","calico","female",5.34,4.378,1,0.033,"no",335
"159 Vista Del Monte Los Gatos 95030","159 Vista Del Monte","brown","male",2.763,2.339,1,0.022,"no",336
"325 Harding Ave Los Gatos 95030","325 Harding Ave","tabby","female",0.4,0.81,1,0,"no",337
"205 Cerro Chico Los Gatos 95030","205 Cerro Chico","black","female",5.435,4.42,1,0.044,"no",338
"16887 Kennedy Rd Los Gatos 95032","16887 Kennedy Rd","brown","male",9.574,9.937,0,0.036,"no",339
"380 Los Gatos Blvd Los Gatos 95032","380 Los Gatos Blvd","tabby","male",6.871,7.073,1,0.02,"no",340
"16952 Kennedy Rd Los Gatos 95032","16952 Kennedy Rd","tabby","female",10.24,8.725,0,0.071,"no",341
"16740 Littlefield Ln Los Gatos 95032","16740 Littlefield Ln","black","female",9.04,7.463,0,0.054,"no",342
"331 Los Gatos Blvd Los Gatos 95032","331 Los Gatos Blvd","black","male",3.785,3.405,1,0.042,"no",343
"266 Kennedy Rd Los Gatos 95032","266 Kennedy Rd","black","female",1.18,2.076,1,0.059,"no",344
"16641 Kennedy Rd Los Gatos 95032","16641 Kennedy Rd","brown","male",0.584,2.084,0,0.01,"no",345
"346 Los Gatos Blvd ","","calico","female",1.629,3,0,0,"no",346
"150 Cardinal Ln Los Gatos 95032","150 Cardinal Ln","calico","female",0.4,3,1,0,"no",347
"Littlefield Ln Los Gatos 95030","Littlefield Ln","calico","male",2.008,3,0,0,"no",348
"16528 Marchmont Dr Los Gatos 95032","16528 Marchmont Dr","maltese","female",3.132,3.769,0,0.059,"no",349
"16575 Kennedy Rd Los Gatos 95032","16575 Kennedy Rd","black","female",2.475,2.85,0,0.045,"no",350
"125 Via Santa Maria Los Gatos 95030","125 Via Santa Maria","brown","male",3.804,2.263,1,0.056,"no",351
"17101 Los Robles Way Los Gatos 95030","17101 Los Robles Way","black","male",7.135,5.852,0,0.028,"no",352
"Worcester Loop Los Gatos 95030","Worcester Loop","black","female",11.488,10.903,0,0.01,"yes",353
"Los Robles Way Los Gatos 95030","Los Robles Way","tabby","female",0.4,3,0,0,"no",354
"144 Whitney Ave Los Gatos 95030","144 Whitney Ave","brown","female",0.919,0.426,1,0,"yes",355
"109 Vista Del Campo Los Gatos 95030","109 Vista Del Campo","tabby","male",2.07,0.504,1,0,"no",356
"16771 Kennedy Rd Los Gatos 95032","16771 Kennedy Rd","brown","male",0.4,3,0,0,"no",357
"100 Cardinal Ln Los Gatos 95032","100 Cardinal Ln","tabby","male",7.281,4.078,0,0.134,"yes",358
"186 Vista Del Monte Los Gatos 95030","186 Vista Del Monte","brown","female",6.728,7.374,1,0.073,"no",359
"108 Bond Ct Los Gatos 95030","108 Bond Ct","black","male",6.538,6.076,1,0.046,"no",360
"105 Worcester Loop Los Gatos 95030","105 Worcester Loop","brown","female",7.604,6.171,1,0.004,"no",361
"16912 Kennedy Rd Los Gatos 95032","16912 Kennedy Rd","brown","female",0.4,3,0,0,"yes",362
"119 Harding Ave ","","tabby","female",5.764,4.523,0,0.094,"yes",363
"16680 Kennedy Rd Los Gatos 95032","16680 Kennedy Rd","brown","female",0.123,3,0,0,"no",364
"244 Harding Ave Los Gatos 95030","244 Harding Ave","black","female",3.274,2.723,1,0.07,"no",365
"125 Wheeler Ave Los Gatos 95030","125 Wheeler Ave","brown","male",0.421,0.106,1,0,"no",366
"118 Yosemite Way Los Gatos 95030","118 Yosemite Way","tabby","female",0.4,3,1,0,"no",367
"240 Cerro Chico Los Gatos 95030","240 Cerro Chico","tabby","female",0.4,3,1,0,"no",368
"2 Charles St Los Gatos 95032","2 Charles St","tabby","male",9.448,4.423,0,0.148,"yes",369
"240 Harding Ave Los Gatos 95030","240 Harding Ave","brown","male",6.093,4.728,1,0.046,"no",370
"16711 Kennedy Rd Los Gatos 95032","16711 Kennedy Rd","black","female",7.794,6.319,0,0.063,"no",371
"34 Fillmer Ave Los Gatos 95030","34 Fillmer Ave","tabby","female",5.715,4.087,1,0.044,"no",372
"40 Fillmer Ave Los Gatos 95030","40 Fillmer Ave","brown","male",5.672,2.942,1,0.025,"no",373
"16680 Littlefield Ln Los Gatos 95032","16680 Littlefield Ln","brown","female",8.811,9.439,0,0.069,"no",374
"25 Fillmer Ave Los Gatos 95030","25 Fillmer Ave","tabby","female",6.805,3.505,1,0.121,"yes",375
"149 Cardinal Ln Los Gatos 95032","149 Cardinal Ln","brown","male",1.409,3,1,0,"yes",376
"47 Fillmer Ave Los Gatos 95030","47 Fillmer Ave","calico","female",15.947,13.031,1,0.001,"yes",377
"337 Los Gatos Blvd Los Gatos 95032","337 Los Gatos Blvd","tabby","male",3.461,1.989,1,0.03,"no",378
"350 Los Gatos Blvd Los Gatos 95032","350 Los Gatos Blvd","brown","female",4.461,4.856,1,0.047,"no",379
"16586 Marchmont Dr Los Gatos 95032","16586 Marchmont Dr","black","male",4.857,5.437,0,0.001,"no",380
"16899 Kennedy Rd Los Gatos 95032","16899 Kennedy Rd","brown","female",0.4,0.006,0,0,"no",381
"36 Hollywood Ave Los Gatos 95030","36 Hollywood Ave","black","female",2.068,3.995,1,0.014,"no",382
"9 Hollywood Ave Los Gatos 95030","9 Hollywood Ave","brown","female",4.522,2.921,1,0.103,"yes",383
"16715 Littlefield Ln Los Gatos 95032","16715 Littlefield Ln","tabby","female",0.4,3,0,0,"yes",384
"333 Los Gatos Blvd Los Gatos 95032","333 Los Gatos Blvd","calico","female",5.598,4.105,1,0.106,"yes",385
"51 Fillmer Ave Los Gatos 95030","51 Fillmer Ave","tabby","male",6.756,2.762,1,0.108,"yes",386
"18 Fillmer Ave Los Gatos 95030","18 Fillmer Ave","maltese","female",0.4,3,1,0,"no",387
"16840 Kennedy Rd Los Gatos 95032","16840 Kennedy Rd","brown","female",0.08,0.764,0,0,"no",388
"49 Fillmer Ave Los Gatos 95030","49 Fillmer Ave","tabby","male",2.382,0.94,1,0,"no",389
"16828 Kennedy Rd Los Gatos 95032","16828 Kennedy Rd","tabby","male",5.736,3.832,0,0.037,"no",390
"56 Fillmer Ave Los Gatos 95030","56 Fillmer Ave","brown","male",5.692,5.42,1,0.005,"no",391
"16861 Fillmer Ave Los Gatos 95030","16861 Fillmer Ave","tabby","female",0.4,3,0,0,"no",392
"141 Via Santa Maria Los Gatos 95030","141 Via Santa Maria","tabby","male",11.193,10.033,1,0.03,"no",393
"132 Pinta Ct Los Gatos 95030","132 Pinta Ct","brown","male",3.501,2.678,1,0.085,"yes",394
"200 Hollywood Ave Los Gatos 95030","200 Hollywood Ave","brown","male",6.685,6.556,1,0.01,"no",395
"111 Yosemite Way Los Gatos 95030","111 Yosemite Way","black","male",7.646,6.383,1,0.057,"no",396
"367 Los Gatos Blvd Los Gatos 95032","367 Los Gatos Blvd","calico","male",9.723,8.296,1,0.111,"yes",397
"306 Templeton Ln Los Gatos 95032","306 Templeton Ln","tabby","female",5.383,4.318,1,0.029,"no",398
"16683 Kennedy Rd Los Gatos 95032","16683 Kennedy Rd","brown","female",0.4,3,0,0,"yes",399
"16785 Kennedy Rd Los Gatos 95032","16785 Kennedy Rd","brown","female",1.525,3,0,0,"yes",400
